date,turnover
2023-03-28,0.0
2023-03-29,0.0
2023-03-30,0.0
2023-03-31,0.0
2023-04-03,0.0
2023-04-04,0.0
2023-04-05,0.0
2023-04-06,0.0
2023-04-10,0.0
2023-04-11,0.0
2023-04-12,0.0
2023-04-13,0.0
2023-04-14,0.0
2023-04-17,0.0
2023-04-18,0.0
2023-04-19,0.0
2023-04-20,0.0
2023-04-21,0.0
2023-04-24,0.0
2023-04-25,0.0
2023-04-26,0.0
2023-04-27,0.0
2023-04-28,0.0
2023-05-01,0.0
2023-05-02,0.0
2023-05-03,0.0
2023-05-04,0.18019643304722313
2023-05-05,0.1803211677081806
2023-05-08,0.11312036631036942
2023-05-09,0.019601090745169636
2023-05-10,0.003761125432453827
2023-05-11,0.009022620317618801
2023-05-12,0.0034066834191507356
2023-05-15,0.14952834150911698
2023-05-16,0.15664996709083204
2023-05-17,0.013156457981840924
2023-05-18,0.17039208803341732
2023-05-19,0.0
2023-05-22,0.0
2023-05-23,0.0
2023-05-24,0.0
2023-05-25,0.0
2023-05-26,0.0
2023-05-29,0.0
2023-05-30,0.0
2023-05-31,0.20469171826339208
2023-06-01,0.0038696526992514635
2023-06-02,0.008505087768777675
2023-06-05,0.20005628319386587
2023-06-06,0.0
2023-06-07,0.0
2023-06-08,0.0
2023-06-09,0.0
2023-06-12,0.0
2023-06-13,0.0
2023-06-14,0.0
2023-06-15,0.0
2023-06-16,0.0
2023-06-19,0.1609351747771879
2023-06-20,0.026168122479362316
2023-06-21,0.0028012517802356585
2023-06-22,0.18990454903678589
2023-06-23,0.0
2023-06-26,0.0
2023-06-27,0.0
2023-06-28,0.17412275903834487
2023-06-29,0.006896995594283278
2023-06-30,0.0022132692075444993
2023-07-03,0.1694390326516061
2023-07-04,0.0
2023-07-05,0.0
2023-07-06,0.0
2023-07-07,0.0
2023-07-10,0.0
2023-07-11,0.22035947280396423
2023-07-12,0.005117490558833954
2023-07-13,0.05546713896910546
2023-07-14,0.27070912121423574
2023-07-17,0.0
2023-07-18,0.0
2023-07-19,0.0
2023-07-20,0.0
2023-07-21,0.0
2023-07-24,0.0
2023-07-25,0.0
2023-07-26,0.0
2023-07-27,0.0
2023-07-28,0.0
2023-07-31,0.29002385232321964
2023-08-01,0.01986960590800796
2023-08-02,0.006135511145913597
2023-08-03,0.303757947085314
2023-08-04,0.0
2023-08-07,0.0
2023-08-08,0.0
2023-08-09,0.0
2023-08-10,0.0
2023-08-11,0.0
2023-08-14,0.0
2023-08-15,0.0
2023-08-16,0.0
2023-08-17,0.0
2023-08-18,0.0
2023-08-21,0.0
2023-08-22,0.0
2023-08-23,0.0
2023-08-24,0.0
2023-08-25,0.0
2023-08-28,0.0
2023-08-29,0.0
2023-08-30,0.0
2023-08-31,0.0
2023-09-01,0.0
2023-09-04,0.3333333333333333
2023-09-05,0.3333333333333333
2023-09-06,0.0
2023-09-07,0.0
2023-09-08,0.0
2023-09-11,0.0
2023-09-12,0.0
2023-09-13,0.0
2023-09-14,0.0
2023-09-15,0.0
2023-09-18,1.0
2023-09-19,0.0
2023-09-20,0.33333333333333337
2023-09-21,0.3333333333333333
2023-09-22,0.3333333333333333
2023-09-25,0.0
2023-09-26,0.3333333333333333
2023-09-27,0.3333333333333333
2023-09-28,0.0
2023-09-29,0.3333333333333333
2023-10-02,0.3333333333333333
2023-10-03,0.2359725773650847
2023-10-04,0.23559280327984533
2023-10-05,0.08157884799761572
2023-10-06,0.008146403104139832
2023-10-09,0.0006979096511492422
2023-10-10,0.23022722106525295
2023-10-11,0.1568204289664177
2023-10-12,0.15725226585558602
2023-10-13,0.15434573801274573
2023-10-16,0.15434573801274573
2023-10-17,0.13027406235258515
2023-10-18,0.14005108030154328
2023-10-19,0.003677729966290566
2023-10-20,0.1340108969332247
2023-10-23,0.13263651575461316
2023-10-24,0.14289085198292864
2023-10-25,0.19214678733230442
2023-10-26,0.0020026715581327736
2023-10-27,0.015543704861448071
2023-10-30,0.32149660601191776
2023-10-31,0.15843242198751734
2023-11-01,0.0045228179513943645
2023-11-02,0.1437769050642964
2023-11-03,0.12436795167554676
2023-11-06,0.18236419332766135
2023-11-07,0.0
2023-11-08,0.0
2023-11-09,0.0
2023-11-10,0.0
2023-11-13,0.0
2023-11-14,0.0
2023-11-15,0.0
2023-11-16,0.0
2023-11-17,0.0
2023-11-20,0.0
2023-11-21,0.0
2023-11-22,0.0
2023-11-23,0.0
2023-11-24,0.0
2023-11-27,0.0
2023-11-28,0.0
2023-11-29,0.0
2023-11-30,0.0
2023-12-01,0.19236439987870174
2023-12-04,0.02716046485108564
2023-12-05,0.1652039350276161
2023-12-06,0.16561520793078402
2023-12-07,0.00805520686396169
2023-12-08,0.030867922654643554
2023-12-11,0.20453833744938926
2023-12-12,0.0
2023-12-13,0.0
2023-12-14,0.0
2023-12-15,0.0
2023-12-18,0.0
2023-12-19,0.0
2023-12-20,0.0
2023-12-21,0.0
2023-12-22,0.0
2023-12-26,0.0
2023-12-27,0.0
2023-12-28,0.0
2023-12-29,0.0
2024-01-02,0.0
2024-01-03,0.0
2024-01-04,0.0
2024-01-05,0.0
2024-01-08,0.0
2024-01-09,0.0
2024-01-10,0.0
2024-01-11,0.0
2024-01-12,0.0
2024-01-15,0.0
2024-01-16,0.0
2024-01-17,0.0
2024-01-18,0.0
2024-01-19,0.0
2024-01-22,0.0
2024-01-23,0.0
2024-01-24,0.0
2024-01-25,0.0
2024-01-26,0.2513606178412128
2024-01-29,0.38753850634333786
2024-01-30,0.32501220251536944
2024-01-31,0.3138869216691812
2024-02-01,0.0
2024-02-02,0.0
2024-02-05,0.0
2024-02-06,0.0
2024-02-07,0.0
2024-02-08,0.23454410455990948
2024-02-09,0.1919620808985339
2024-02-12,0.23310376765506352
2024-02-13,0.2174531420254266
2024-02-14,0.2220749984886276
2024-02-15,0.2200818125994527
2024-02-16,0.0
2024-02-19,0.0
2024-02-20,0.0
2024-02-21,0.0
2024-02-22,0.0
2024-02-23,0.0
2024-02-26,0.0
2024-02-27,0.0
2024-02-28,0.0
2024-02-29,0.0
2024-03-01,0.0
2024-03-04,0.0
2024-03-05,0.0
2024-03-06,0.0
2024-03-08,0.6666666666666666
2024-03-11,0.6666666666666666
2024-03-12,0.0
2024-03-13,0.0
2024-03-14,0.0
2024-03-15,0.0
2024-03-18,0.0
2024-03-19,0.0
2024-03-20,0.0
2024-03-21,0.0
2024-03-22,0.0
2024-03-25,0.0
2024-03-26,0.0
2024-03-27,0.0
2024-03-28,0.0
2024-04-01,0.0
2024-04-02,0.0
2024-04-03,0.0
2024-04-04,0.3333333333333333
2024-04-05,0.3333333333333333
2024-04-08,0.33333333333333337
2024-04-09,0.33333333333333337
2024-04-10,0.3333333333333333
2024-04-11,0.3333333333333333
2024-04-12,0.0
2024-04-15,0.0
2024-04-16,0.0
2024-04-17,0.0
2024-04-18,0.0
2024-04-19,0.0
2024-04-22,0.0
2024-04-23,0.0
2024-04-24,0.0
2024-04-25,0.0
2024-04-26,0.0
2024-04-29,0.0
2024-04-30,0.0
2024-05-01,0.0
2024-05-02,0.23174325466908355
2024-05-03,0.2373097152126473
2024-05-06,0.232611669095094
2024-05-07,0.005452141323958881
2024-05-08,0.07716520699161356
2024-05-09,0.006253283386058239
2024-05-10,0.0017214267689487084
2024-05-13,0.01335945261698479
2024-05-14,0.03199383105829745
2024-05-15,0.009185835148857513
2024-05-16,0.019331498713309747
2024-05-17,0.26601503556533856
2024-05-20,0.2660964807529141
2024-05-21,0.26318606907907854
2024-05-22,0.14140907741060327
2024-05-23,0.33333333333333337
2024-05-24,0.0
2024-05-27,0.0
2024-05-28,0.0
2024-05-29,0.0
2024-05-30,0.0
2024-05-31,0.0
2024-06-03,0.0
2024-06-04,0.17757992572388448
2024-06-05,0.001363089056955924
2024-06-06,0.01750140902435826
2024-06-07,0.041359976079473726
2024-06-10,0.5081254360967843
2024-06-11,0.2540701640185433
2024-06-12,0.0
2024-06-13,0.0
2024-06-14,0.0
2024-06-17,0.0
2024-06-18,0.0
2024-06-19,0.0
2024-06-20,0.0
2024-06-21,0.0
2024-06-24,0.0
2024-06-25,0.0
2024-06-26,0.0
2024-06-27,0.0
2024-06-28,0.0
2024-07-01,0.0
2024-07-02,0.0
2024-07-03,0.0
2024-07-04,0.0
2024-07-05,0.0
2024-07-08,0.0
2024-07-09,0.0
2024-07-10,0.3333333333333333
2024-07-11,0.0
2024-07-12,0.0
2024-07-15,0.0
2024-07-16,0.3333333333333333
2024-07-17,0.0
2024-07-18,0.0
2024-07-19,0.0
2024-07-22,0.6666666666666666
2024-07-23,0.3333333333333333
2024-07-24,0.0
2024-07-25,0.3333333333333333
2024-07-26,0.0009749605431016439
2024-07-29,0.665691706123565
2024-07-30,0.0
2024-07-31,0.0
2024-08-01,0.0
2024-08-02,0.0
2024-08-05,0.0
2024-08-06,0.0
2024-08-07,0.0
2024-08-08,0.0
2024-08-09,0.0
2024-08-12,0.0
2024-08-13,0.0
2024-08-14,0.0
2024-08-15,0.0
2024-08-16,0.0
2024-08-19,0.0
2024-08-20,0.0
2024-08-21,0.0
2024-08-22,0.0
2024-08-23,0.22764847575476088
2024-08-26,0.42170321077499284
2024-08-27,0.04982226652691468
2024-08-28,0.008086644823330436
2024-08-29,0.0017086202947048656
2024-08-30,0.01192430492875507
2024-09-02,0.057075927446773034
2024-09-03,0.007244468181861641
2024-09-04,0.2852809779021281
2024-09-05,0.17385024831137935
2024-09-06,0.1829990193711759
2024-09-09,0.1816408176071811
2024-09-10,0.1801328916458
2024-09-11,0.024904352109089756
2024-09-12,0.16885103089606457
2024-09-13,0.16801832624782675
2024-09-16,0.0
2024-09-17,0.0
2024-09-18,0.0
2024-09-19,0.0
2024-09-20,0.0
2024-09-23,0.374160807704026
2024-09-24,0.13834468469596134
2024-09-25,0.23581612300806465
2024-09-26,0.0
2024-09-27,0.0
2024-09-30,0.0
2024-10-01,0.0
2024-10-02,0.0
2024-10-03,0.0
2024-10-04,0.20316998966678534
2024-10-07,0.41496245408166144
2024-10-08,0.05358703422260647
2024-10-09,0.2483386345702986
2024-10-10,0.15693552393755802
2024-10-11,0.1592712510179837
2024-10-14,0.0
2024-10-15,0.0
2024-10-16,0.0
2024-10-17,0.0
2024-10-18,0.0
2024-10-21,0.0
2024-10-22,0.0
2024-10-23,0.13517304230087185
2024-10-24,0.017452358012433528
2024-10-25,0.00018342376395019677
2024-10-28,0.15280882407725557
2024-10-29,0.0
2024-10-30,0.0
2024-10-31,0.0
2024-11-01,0.0
2024-11-04,0.0
2024-11-05,0.0
2024-11-06,0.17479624047169898
2024-11-07,0.15971119336535292
2024-11-08,0.1861863629576715
2024-11-11,0.0008029957695006029
2024-11-12,0.17546345121089135
2024-11-13,0.17137174441082786
2024-11-14,0.01618509137652291
2024-11-15,0.18865399434001295
2024-11-18,0.4227747623599993
2024-11-19,0.09314067584218233
2024-11-20,0.03140075727940428
2024-11-21,0.001595753650812437
2024-11-22,0.032032756496702675
2024-11-25,0.05098549610106695
2024-11-26,0.06536218449864539
2024-11-27,0.003266066283772129
2024-11-28,0.0003858389131197182
2024-11-29,0.038504109725676194
2024-12-02,0.09615953530654842
2024-12-03,0.28776503746552196
2024-12-04,0.04036776423066846
2024-12-05,0.2458544860684809
2024-12-06,0.19345915303139624
2024-12-09,0.39250098181032
2024-12-10,0.021625077100852153
2024-12-11,0.004989786734695523
2024-12-12,0.005605597608910662
2024-12-13,0.025544086184739467
2024-12-16,0.10862044475153099
2024-12-17,0.013207967235518314
2024-12-18,0.029986603276420998
2024-12-19,0.028749762410334445
2024-12-20,0.0050304526936056915
2024-12-23,0.09426228379700352
2024-12-24,0.04670929170018212
2024-12-26,0.0
2024-12-27,0.028309133279904253
2024-12-30,0.028309133279904253
2024-12-31,0.0
2025-01-02,0.05584449233698108
2025-01-03,0.0
2025-01-06,0.06096092897108085
2025-01-07,0.06538037256300877
2025-01-08,0.026790410968498768
2025-01-09,0.03700777510777464
2025-01-10,0.10239010937597148
2025-01-13,0.07156127645476518
2025-01-14,0.012117044817926304
2025-01-15,0.06539750716708481
2025-01-16,0.06476161533955882
2025-01-17,0.10826269221740314
2025-01-20,0.5043514020984078
2025-01-21,0.2266579661800092
2025-01-22,0.0
2025-01-23,0.0
2025-01-24,0.0
2025-01-27,0.0
2025-01-28,0.0
2025-01-29,0.16220491040058055
2025-01-30,0.001348207326192119
2025-01-31,0.0500350265593677
2025-02-03,0.21089172963375613
2025-02-04,0.0
2025-02-05,0.0
2025-02-06,0.0
2025-02-07,0.0
2025-02-10,0.0
2025-02-11,0.0
2025-02-12,0.0
2025-02-13,0.0
2025-02-14,0.0
2025-02-17,0.0
2025-02-18,0.0
2025-02-19,0.0
2025-02-20,0.0
2025-02-21,0.0
2025-02-24,0.0
2025-02-25,0.0
2025-02-26,0.0
2025-02-27,0.0
2025-02-28,0.18439386349769132
2025-03-03,0.18439386349769132
2025-03-04,0.0
2025-03-05,0.0
2025-03-06,0.0
2025-03-07,0.0
2025-03-10,0.0
2025-03-11,0.0
2025-03-12,0.0
2025-03-13,0.0
2025-03-14,0.0
2025-03-17,0.4098759640387599
2025-03-18,0.023448506219677256
2025-03-19,0.01930607077680041
2025-03-20,0.28444523075048145
2025-03-21,0.01999855024325714
2025-03-24,0.20185041011757776
2025-03-25,0.0018023752954487993
2025-03-26,0.08287474363540914
2025-03-27,0.0
2025-03-28,0.0
2025-03-31,0.06394858781284485
2025-04-01,0.05918616385464015
2025-04-02,0.05495839711506578
2025-04-03,0.06394858781284485
2025-04-04,0.5122139210412544
2025-04-07,0.6326931550459414
2025-04-08,0.004957636231238849
2025-04-09,0.033756750441245376
2025-04-10,0.0234182257298855
2025-04-11,0.13999725257944784
2025-04-14,0.4415294075253484
2025-04-15,0.01777362651037645
2025-04-16,0.037496840620373395
2025-04-17,0.0027824043880463334
2025-04-21,0.031188183117257906
2025-04-22,0.1273520624270892
2025-04-23,0.02864400254384214
2025-04-24,0.025695327014644775
2025-04-25,0.22690592525808287
2025-04-28,0.10489889424635684
2025-04-29,0.17223188470459816
2025-04-30,0.1654996585561039
2025-05-01,0.2021665524806703
2025-05-02,0.0
2025-05-05,0.22485553745916534
2025-05-06,0.21436813996600632
2025-05-07,0.16846870462399266
2025-05-08,0.08095129516968791
2025-05-09,0.07531855189034764
2025-05-12,0.006545032352409219
2025-05-13,0.003282410133585545
2025-05-14,0.020223926143898452
2025-05-15,0.0015939927147664568
2025-05-16,0.034631787892190125
2025-05-19,0.008312284727484909
2025-05-20,0.03366274389445956
2025-05-21,0.02182023016112522
2025-05-22,0.01573116616343917
2025-05-23,0.011767022222163415
2025-05-26,0.03350285320080748
2025-05-27,0.08534668957085323
2025-05-28,0.026421775195031638
2025-05-29,0.09090698861479318
2025-05-30,0.019745689155331037
2025-06-02,0.058501006114635046
2025-06-03,0.027578689916231802
2025-06-04,0.0
2025-06-05,0.0
2025-06-06,0.0
2025-06-09,0.0
2025-06-10,0.0
2025-06-11,0.0
2025-06-12,0.1948663415976638
2025-06-13,0.01220031704965674
