date,portfolio_value
2023-03-28,100000.0
2023-03-29,100000.0
2023-03-30,100000.0
2023-03-31,100000.0
2023-04-03,100000.0
2023-04-04,100000.0
2023-04-05,100000.0
2023-04-06,100000.0
2023-04-10,100000.0
2023-04-11,100000.0
2023-04-12,100000.0
2023-04-13,100000.0
2023-04-14,100000.0
2023-04-17,100000.0
2023-04-18,100000.0
2023-04-19,100000.0
2023-04-20,100000.0
2023-04-21,100000.0
2023-04-24,100000.0
2023-04-25,100000.0
2023-04-26,100000.0
2023-04-27,100000.0
2023-04-28,100000.0
2023-05-01,100000.0
2023-05-02,100000.0
2023-05-03,100000.0
2023-05-04,99939.62854846493
2023-05-05,98530.10254211136
2023-05-08,97459.17529739586
2023-05-09,97210.18618889127
2023-05-10,97801.73239882795
2023-05-11,98655.2917789652
2023-05-12,99148.84749965693
2023-05-15,98689.24856241712
2023-05-16,98739.79426799362
2023-05-17,98278.07463445108
2023-05-18,98261.32882810623
2023-05-19,98261.32882810623
2023-05-22,98261.32882810623
2023-05-23,98261.32882810623
2023-05-24,98261.32882810623
2023-05-25,98261.32882810623
2023-05-26,98261.32882810623
2023-05-29,98261.32882810623
2023-05-30,98261.32882810623
2023-05-31,98481.89587347665
2023-06-01,98023.57479972408
2023-06-02,97534.33372383985
2023-06-05,97514.82136755127
2023-06-06,97514.82136755127
2023-06-07,97514.82136755127
2023-06-08,97514.82136755127
2023-06-09,97514.82136755127
2023-06-12,97514.82136755127
2023-06-13,97514.82136755127
2023-06-14,97514.82136755127
2023-06-15,97514.82136755127
2023-06-16,97514.82136755127
2023-06-19,97605.65071999526
2023-06-20,97648.69716591564
2023-06-21,97350.35223105761
2023-06-22,97331.8649563186
2023-06-23,97331.8649563186
2023-06-26,97331.8649563186
2023-06-27,97331.8649563186
2023-06-28,96899.78636671294
2023-06-29,96831.26387998615
2023-06-30,96707.45522742937
2023-07-03,96691.06920976544
2023-07-04,96691.06920976544
2023-07-05,96691.06920976544
2023-07-06,96691.06920976544
2023-07-07,96691.06920976544
2023-07-10,96691.06920976544
2023-07-11,96200.78834748628
2023-07-12,96015.13786569459
2023-07-13,95604.24213019306
2023-07-14,95578.36118982165
2023-07-17,95578.36118982165
2023-07-18,95578.36118982165
2023-07-19,95578.36118982165
2023-07-20,95578.36118982165
2023-07-21,95578.36118982165
2023-07-24,95578.36118982165
2023-07-25,95578.36118982165
2023-07-26,95578.36118982165
2023-07-27,95578.36118982165
2023-07-28,95578.36118982165
2023-07-31,95736.55005116483
2023-08-01,95509.26088985545
2023-08-02,94924.40690753043
2023-08-03,94895.5728645599
2023-08-04,94895.5728645599
2023-08-07,94895.5728645599
2023-08-08,94895.5728645599
2023-08-09,94895.5728645599
2023-08-10,94895.5728645599
2023-08-11,94895.5728645599
2023-08-14,94895.5728645599
2023-08-15,94895.5728645599
2023-08-16,94895.5728645599
2023-08-17,94895.5728645599
2023-08-18,94895.5728645599
2023-08-21,94895.5728645599
2023-08-22,94895.5728645599
2023-08-23,94895.5728645599
2023-08-24,94895.5728645599
2023-08-25,94895.5728645599
2023-08-28,94895.5728645599
2023-08-29,94895.5728645599
2023-08-30,94895.5728645599
2023-08-31,94895.5728645599
2023-09-01,94895.5728645599
2023-09-04,95024.6890465358
2023-09-05,94993.01415018697
2023-09-06,94993.01415018697
2023-09-07,94993.01415018697
2023-09-08,94993.01415018697
2023-09-11,94993.01415018697
2023-09-12,94993.01415018697
2023-09-13,94993.01415018697
2023-09-14,94993.01415018697
2023-09-15,94993.01415018697
2023-09-18,95403.67967878966
2023-09-19,95312.74766950298
2023-09-20,94735.41039143347
2023-09-21,94626.17861961346
2023-09-22,94594.6365600736
2023-09-25,94594.6365600736
2023-09-26,94789.5609857735
2023-09-27,96499.87833945177
2023-09-28,95720.27941918574
2023-09-29,95664.95618303637
2023-10-02,95633.06786430869
2023-10-03,95558.25763110645
2023-10-04,98068.37434768782
2023-10-05,99160.3373219707
2023-10-06,98831.68818325835
2023-10-09,96561.0488190033
2023-10-10,96710.83819040272
2023-10-11,97013.1923717483
2023-10-12,96997.93682742995
2023-10-13,96131.6952884355
2023-10-16,96116.8577709798
2023-10-17,96069.41840893184
2023-10-18,95593.76215411817
2023-10-19,95348.26326568231
2023-10-20,95365.60230054833
2023-10-23,95352.95333933635
2023-10-24,95606.27854246671
2023-10-25,94838.67195159598
2023-10-26,95618.70732483956
2023-10-27,94725.71789737756
2023-10-30,94695.26390057152
2023-10-31,94687.12229318023
2023-11-01,95177.42550702728
2023-11-02,94397.92925471623
2023-11-03,94774.68655451557
2023-11-06,94757.40304525419
2023-11-07,94757.40304525419
2023-11-08,94757.40304525419
2023-11-09,94757.40304525419
2023-11-10,94757.40304525419
2023-11-13,94757.40304525419
2023-11-14,94757.40304525419
2023-11-15,94757.40304525419
2023-11-16,94757.40304525419
2023-11-17,94757.40304525419
2023-11-20,94757.40304525419
2023-11-21,94757.40304525419
2023-11-22,94757.40304525419
2023-11-23,94757.40304525419
2023-11-24,94757.40304525419
2023-11-27,94757.40304525419
2023-11-28,94757.40304525419
2023-11-29,94757.40304525419
2023-11-30,94757.40304525419
2023-12-01,95608.431259733
2023-12-04,95776.03773665057
2023-12-05,95760.21515833512
2023-12-06,96340.10728785975
2023-12-07,96395.62810471495
2023-12-08,95916.04780657945
2023-12-11,95896.42929762637
2023-12-12,95896.42929762637
2023-12-13,95896.42929762637
2023-12-14,95896.42929762637
2023-12-15,95896.42929762637
2023-12-18,95896.42929762637
2023-12-19,95896.42929762637
2023-12-20,95896.42929762637
2023-12-21,95896.42929762637
2023-12-22,95896.42929762637
2023-12-26,95896.42929762637
2023-12-27,95896.42929762637
2023-12-28,95896.42929762637
2023-12-29,95896.42929762637
2024-01-02,95896.42929762637
2024-01-03,95896.42929762637
2024-01-04,95896.42929762637
2024-01-05,95896.42929762637
2024-01-08,95896.42929762637
2024-01-09,95896.42929762637
2024-01-10,95896.42929762637
2024-01-11,95896.42929762637
2024-01-12,95896.42929762637
2024-01-15,95896.42929762637
2024-01-16,95896.42929762637
2024-01-17,95896.42929762637
2024-01-18,95896.42929762637
2024-01-19,95896.42929762637
2024-01-22,95896.42929762637
2024-01-23,95896.42929762637
2024-01-24,95896.42929762637
2024-01-25,95896.42929762637
2024-01-26,96199.84141830668
2024-01-29,95316.58319831328
2024-01-30,95456.25695922656
2024-01-31,95426.29448857557
2024-02-01,95426.29448857557
2024-02-02,95426.29448857557
2024-02-05,95426.29448857557
2024-02-06,95426.29448857557
2024-02-07,95426.29448857557
2024-02-08,96087.7104736913
2024-02-09,96350.4135677863
2024-02-12,96181.03390585893
2024-02-13,96559.45713116649
2024-02-14,96237.61971735487
2024-02-15,96216.43956756721
2024-02-16,96216.43956756721
2024-02-19,96216.43956756721
2024-02-20,96216.43956756721
2024-02-21,96216.43956756721
2024-02-22,96216.43956756721
2024-02-23,96216.43956756721
2024-02-26,96216.43956756721
2024-02-27,96216.43956756721
2024-02-28,96216.43956756721
2024-02-29,96216.43956756721
2024-03-01,96216.43956756721
2024-03-04,96216.43956756721
2024-03-05,96216.43956756721
2024-03-06,96216.43956756721
2024-03-08,96832.70513861343
2024-03-11,96768.15000185434
2024-03-12,96768.15000185434
2024-03-13,96768.15000185434
2024-03-14,96768.15000185434
2024-03-15,96768.15000185434
2024-03-18,96768.15000185434
2024-03-19,96768.15000185434
2024-03-20,96768.15000185434
2024-03-21,96768.15000185434
2024-03-22,96768.15000185434
2024-03-25,96768.15000185434
2024-03-26,96768.15000185434
2024-03-27,96768.15000185434
2024-03-28,96768.15000185434
2024-04-01,96768.15000185434
2024-04-02,96768.15000185434
2024-04-03,96768.15000185434
2024-04-04,97205.20524625294
2024-04-05,97544.5364000534
2024-04-08,96666.7843646294
2024-04-09,95950.04467816101
2024-04-10,96297.19928277632
2024-04-11,96265.10021634871
2024-04-12,96265.10021634871
2024-04-15,96265.10021634871
2024-04-16,96265.10021634871
2024-04-17,96265.10021634871
2024-04-18,96265.10021634871
2024-04-19,96265.10021634871
2024-04-22,96265.10021634871
2024-04-23,96265.10021634871
2024-04-24,96265.10021634871
2024-04-25,96265.10021634871
2024-04-26,96265.10021634871
2024-04-29,96265.10021634871
2024-04-30,96265.10021634871
2024-05-01,96265.10021634871
2024-05-02,96181.29903067256
2024-05-03,96541.29950893196
2024-05-06,96216.72324890422
2024-05-07,96352.8567149887
2024-05-08,95969.07403588794
2024-05-09,95704.22734045274
2024-05-10,96655.9551027131
2024-05-13,96154.2050224787
2024-05-14,97037.416745258
2024-05-15,96698.81772406017
2024-05-16,96214.362847116
2024-05-17,95755.47116016639
2024-05-20,95810.67324844653
2024-05-21,96284.44273192408
2024-05-22,97029.82293938736
2024-05-23,97637.2378121381
2024-05-24,96725.18632791743
2024-05-27,95570.8966764753
2024-05-28,94282.8140202007
2024-05-29,94976.89621921211
2024-05-30,96953.6856874565
2024-05-31,97237.93534878168
2024-06-03,101121.73670007412
2024-06-04,101995.28727129563
2024-06-05,101033.68409963582
2024-06-06,99520.22420489442
2024-06-07,99753.5372307286
2024-06-10,99063.03457160208
2024-06-11,99037.8656101603
2024-06-12,99037.8656101603
2024-06-13,99037.8656101603
2024-06-14,99037.8656101603
2024-06-17,99037.8656101603
2024-06-18,99037.8656101603
2024-06-19,99037.8656101603
2024-06-20,99037.8656101603
2024-06-21,99037.8656101603
2024-06-24,99037.8656101603
2024-06-25,99037.8656101603
2024-06-26,99037.8656101603
2024-06-27,99037.8656101603
2024-06-28,99037.8656101603
2024-07-01,99037.8656101603
2024-07-02,99037.8656101603
2024-07-03,99037.8656101603
2024-07-04,99037.8656101603
2024-07-05,99037.8656101603
2024-07-08,99037.8656101603
2024-07-09,99037.8656101603
2024-07-10,98841.0774137835
2024-07-11,98717.15830264182
2024-07-12,98859.72512174462
2024-07-15,98929.4839556737
2024-07-16,98896.50746102181
2024-07-17,98896.50746102181
2024-07-18,98896.50746102181
2024-07-19,98896.50746102181
2024-07-22,99014.09152273567
2024-07-23,99537.84056437446
2024-07-24,99251.1426966531
2024-07-25,98683.59875003561
2024-07-26,99672.44870879514
2024-07-29,99606.09758636066
2024-07-30,99606.09758636066
2024-07-31,99606.09758636066
2024-08-01,99606.09758636066
2024-08-02,99606.09758636066
2024-08-05,99606.09758636066
2024-08-06,99606.09758636066
2024-08-07,99606.09758636066
2024-08-08,99606.09758636066
2024-08-09,99606.09758636066
2024-08-12,99606.09758636066
2024-08-13,99606.09758636066
2024-08-14,99606.09758636066
2024-08-15,99606.09758636066
2024-08-16,99606.09758636066
2024-08-19,99606.09758636066
2024-08-20,99606.09758636066
2024-08-21,99606.09758636066
2024-08-22,99606.09758636066
2024-08-23,100111.97994543075
2024-08-26,102052.41543670476
2024-08-27,100634.77205261972
2024-08-28,99960.57262653913
2024-08-29,100927.29011951193
2024-08-30,100094.44922533937
2024-09-02,99056.47052935885
2024-09-03,95962.37347997952
2024-09-04,95447.45266611353
2024-09-05,95428.45783781803
2024-09-06,95410.99452361361
2024-09-09,95583.8946924063
2024-09-10,94291.11863527853
2024-09-11,94940.66400150042
2024-09-12,95231.8760379973
2024-09-13,95215.87533757996
2024-09-16,95215.87533757996
2024-09-17,95215.87533757996
2024-09-18,95215.87533757996
2024-09-19,95215.87533757996
2024-09-20,95215.87533757996
2024-09-23,95462.42460009598
2024-09-24,95062.34874717084
2024-09-25,95039.93151264524
2024-09-26,95039.93151264524
2024-09-27,95039.93151264524
2024-09-30,95039.93151264524
2024-10-01,95039.93151264524
2024-10-02,95039.93151264524
2024-10-03,95039.93151264524
2024-10-04,95127.59195207352
2024-10-07,97257.8550543404
2024-10-08,94708.47817922386
2024-10-09,94452.14638511272
2024-10-10,94991.28923457385
2024-10-11,94976.15985310165
2024-10-14,94976.15985310165
2024-10-15,94976.15985310165
2024-10-16,94976.15985310165
2024-10-17,94976.15985310165
2024-10-18,94976.15985310165
2024-10-21,94976.15985310165
2024-10-22,94976.15985310165
2024-10-23,94780.97948602586
2024-10-24,94667.39500021488
2024-10-25,94992.17364290278
2024-10-28,94977.65800055186
2024-10-29,94977.65800055186
2024-10-30,94977.65800055186
2024-10-31,94977.65800055186
2024-11-01,94977.65800055186
2024-11-04,94977.65800055186
2024-11-05,94977.65800055186
2024-11-06,94826.97615972873
2024-11-07,95112.43727280498
2024-11-08,93942.2392273101
2024-11-11,92589.23544390066
2024-11-12,92599.75065171022
2024-11-13,92671.62269342714
2024-11-14,92727.01459222994
2024-11-15,92035.23483882034
2024-11-18,94250.54988329891
2024-11-19,94250.46851211174
2024-11-20,93792.28514809826
2024-11-21,95090.4455019627
2024-11-22,95903.4903373835
2024-11-25,93890.43357134424
2024-11-26,93713.6795173402
2024-11-27,93730.53716883766
2024-11-28,94116.339684597
2024-11-29,93804.97842948219
2024-12-02,92652.66083078104
2024-12-03,93810.76602023069
2024-12-04,93017.80449791826
2024-12-05,92930.71967704955
2024-12-06,92387.1089145911
2024-12-09,93427.90361772927
2024-12-10,93477.12298459775
2024-12-11,94847.91162243573
2024-12-12,94733.59775843953
2024-12-13,95884.30364927978
2024-12-16,95175.0924340478
2024-12-17,94318.25922727311
2024-12-18,94545.53579067424
2024-12-19,93975.1168699428
2024-12-20,94041.11033440243
2024-12-23,93651.22709966298
2024-12-24,94871.81620073109
2024-12-26,94459.2183279917
2024-12-27,95596.64976731552
2024-12-30,95877.49993564612
2024-12-31,96199.7122649992
2025-01-02,97764.10884922779
2025-01-03,98469.18973235802
2025-01-06,98224.48502047602
2025-01-07,99007.67030191155
2025-01-08,98039.10188756339
2025-01-09,98825.56525779818
2025-01-10,102135.79869991087
2025-01-13,103699.62829631944
2025-01-14,102345.72742212385
2025-01-15,104781.79787451845
2025-01-16,103981.69574556577
2025-01-17,103502.90492918051
2025-01-20,103264.86040819096
2025-01-21,103241.45460495297
2025-01-22,103241.45460495297
2025-01-23,103241.45460495297
2025-01-24,103241.45460495297
2025-01-27,103241.45460495297
2025-01-28,103241.45460495297
2025-01-29,103028.05017821644
2025-01-30,103090.67065446316
2025-01-31,103054.40128500319
2025-02-03,103032.66796406983
2025-02-04,103032.66796406983
2025-02-05,103032.66796406983
2025-02-06,103032.66796406983
2025-02-07,103032.66796406983
2025-02-10,103032.66796406983
2025-02-11,103032.66796406983
2025-02-12,103032.66796406983
2025-02-13,103032.66796406983
2025-02-14,103032.66796406983
2025-02-17,103032.66796406983
2025-02-18,103032.66796406983
2025-02-19,103032.66796406983
2025-02-20,103032.66796406983
2025-02-21,103032.66796406983
2025-02-24,103032.66796406983
2025-02-25,103032.66796406983
2025-02-26,103032.66796406983
2025-02-27,103032.66796406983
2025-02-28,102792.99405811616
2025-03-03,102774.0396608013
2025-03-04,102774.0396608013
2025-03-05,102774.0396608013
2025-03-06,102774.0396608013
2025-03-07,102774.0396608013
2025-03-10,102774.0396608013
2025-03-11,102774.0396608013
2025-03-12,102774.0396608013
2025-03-13,102774.0396608013
2025-03-14,102774.0396608013
2025-03-17,103024.36287997094
2025-03-18,102701.58670768198
2025-03-19,102844.54370471643
2025-03-20,104121.89142485333
2025-03-21,104285.73168356543
2025-03-24,105380.22645130203
2025-03-25,105406.5106659946
2025-03-26,106509.29892041124
2025-03-27,106855.71447665647
2025-03-28,106278.34787467976
2025-03-31,107771.28101224324
2025-04-01,107448.8036551167
2025-04-02,107988.25832747784
2025-04-03,101842.14065218648
2025-04-04,99316.07934185526
2025-04-07,99790.71483352932
2025-04-08,100339.12422792659
2025-04-09,99112.74971837147
2025-04-10,99970.97543221537
2025-04-11,99676.084734591
2025-04-14,99690.63950874825
2025-04-15,99580.8152740767
2025-04-16,100253.6678224547
2025-04-17,101440.62779653555
2025-04-21,100578.78794199893
2025-04-22,100943.99126938678
2025-04-23,100580.72315190604
2025-04-24,100714.2545482486
2025-04-25,100902.06130840529
2025-04-28,100068.66068518563
2025-04-29,99152.01897409507
2025-04-30,98783.06270136581
2025-05-01,98763.092070136
2025-05-02,98763.092070136
2025-05-05,98356.81050292552
2025-05-06,99712.86880776702
2025-05-07,98691.8426520027
2025-05-08,100596.44059417356
2025-05-09,101639.42378194106
2025-05-12,102673.8604109134
2025-05-13,104318.36568930905
2025-05-14,103806.51282164187
2025-05-15,102332.91900567911
2025-05-16,103120.22516785638
2025-05-19,103237.21354022864
2025-05-20,103080.3305495369
2025-05-21,102610.87722254304
2025-05-22,102129.12358637678
2025-05-23,102482.48347525748
2025-05-26,102435.290726835
2025-05-27,101627.58616538756
2025-05-28,102656.63898868697
2025-05-29,101586.5252904683
2025-05-30,101222.7033934876
2025-06-02,102341.26205844728
2025-06-03,103921.93438158055
2025-06-04,102702.68184518618
2025-06-05,103462.73192271618
2025-06-06,105252.04013842526
2025-06-09,106154.60715597849
2025-06-10,105885.4232568857
2025-06-11,110477.423683973
2025-06-12,109933.19538538564
2025-06-13,116467.06392465204
