date,portfolio_return
2023-03-28,0.0
2023-03-29,0.0
2023-03-30,0.0
2023-03-31,0.0
2023-04-03,0.0
2023-04-04,0.0
2023-04-05,0.0
2023-04-06,0.0
2023-04-10,0.0
2023-04-11,0.0
2023-04-12,0.0
2023-04-13,0.0
2023-04-14,0.0
2023-04-17,0.0
2023-04-18,0.0
2023-04-19,0.0
2023-04-20,0.0
2023-04-21,0.0
2023-04-24,0.0
2023-04-25,0.0
2023-04-26,0.0
2023-04-27,0.0
2023-04-28,0.0
2023-05-01,0.0
2023-05-02,0.0
2023-05-03,0.0
2023-05-04,-0.0006037145153508283
2023-05-05,-0.014103774717053492
2023-05-08,-0.010869036132970557
2023-05-09,-0.0025548041807742553
2023-05-10,0.00608522864864425
2023-05-11,0.008727446428622438
2023-05-12,0.005002830682387896
2023-05-15,-0.004635444070506145
2023-05-16,0.0005121703358044606
2023-05-17,-0.004676125132379458
2023-05-18,-0.0001703920880334173
2023-05-19,0.0
2023-05-22,0.0
2023-05-23,0.0
2023-05-24,0.0
2023-05-25,0.0
2023-05-26,0.0
2023-05-29,0.0
2023-05-30,0.0
2023-05-31,0.0022446983772860516
2023-06-01,-0.0046538611963909075
2023-06-02,-0.004991055232211478
2023-06-05,-0.00020005628319386587
2023-06-06,0.0
2023-06-07,0.0
2023-06-08,0.0
2023-06-09,0.0
2023-06-12,0.0
2023-06-13,0.0
2023-06-14,0.0
2023-06-15,0.0
2023-06-16,0.0
2023-06-19,0.0009314415098155754
2023-06-20,0.00044102411697312903
2023-06-21,-0.0030552884320731136
2023-06-22,-0.0001899045490367859
2023-06-23,0.0
2023-06-26,0.0
2023-06-27,0.0
2023-06-28,-0.004439230562360763
2023-06-29,-0.0007071479648828636
2023-06-30,-0.0012786020505754557
2023-07-03,-0.0001694390326516061
2023-07-04,0.0
2023-07-05,0.0
2023-07-06,0.0
2023-07-07,0.0
2023-07-10,0.0
2023-07-11,-0.0050705909685984105
2023-07-12,-0.0019298228733957972
2023-07-13,-0.004279489095524545
2023-07-14,-0.00027070912121423575
2023-07-17,0.0
2023-07-18,0.0
2023-07-19,0.0
2023-07-20,0.0
2023-07-21,0.0
2023-07-24,0.0
2023-07-25,0.0
2023-07-26,0.0
2023-07-27,0.0
2023-07-28,0.0
2023-07-31,0.0016550698230638596
2023-08-01,-0.0023741106316021677
2023-08-02,-0.006123531654165901
2023-08-03,-0.000303757947085314
2023-08-04,0.0
2023-08-07,0.0
2023-08-08,0.0
2023-08-09,0.0
2023-08-10,0.0
2023-08-11,0.0
2023-08-14,0.0
2023-08-15,0.0
2023-08-16,0.0
2023-08-17,0.0
2023-08-18,0.0
2023-08-21,0.0
2023-08-22,0.0
2023-08-23,0.0
2023-08-24,0.0
2023-08-25,0.0
2023-08-28,0.0
2023-08-29,0.0
2023-08-30,0.0
2023-08-31,0.0
2023-09-01,0.0
2023-09-04,0.0013606133360950217
2023-09-05,-0.0003333333333333333
2023-09-06,0.0
2023-09-07,0.0
2023-09-08,0.0
2023-09-11,0.0
2023-09-12,0.0
2023-09-13,0.0
2023-09-14,0.0
2023-09-15,0.0
2023-09-18,0.0043231129391623005
2023-09-19,-0.0009531289526028209
2023-09-20,-0.006057293407083611
2023-09-21,-0.0011530194609246328
2023-09-22,-0.0003333333333333333
2023-09-25,0.0
2023-09-26,0.0020606287289459363
2023-09-27,0.018043309156532097
2023-09-28,-0.008078755472868883
2023-09-29,-0.0005779677669670244
2023-10-02,-0.0003333333333333333
2023-10-03,-0.0007822632366911223
2023-10-04,0.026267920521023298
2023-10-05,0.01113471067045005
2023-10-06,-0.0033143204993871375
2023-10-09,-0.022974811075216258
2023-10-10,0.0015512401038660965
2023-10-11,0.0031263732897268497
2023-10-12,-0.00015725226585558603
2023-10-13,-0.00893051509472396
2023-10-16,-0.00015434573801274574
2023-10-17,-0.0004935592272585207
2023-10-18,-0.004951172419811933
2023-10-19,-0.0025681475747346507
2023-10-20,0.00018184950907514007
2023-10-23,-0.00013263651575461317
2023-10-24,0.0026567106131347683
2023-10-25,-0.008028830350611055
2023-10-26,0.008224866050862513
2023-10-27,-0.009339066093293795
2023-10-30,-0.0003214966060119178
2023-10-31,-8.59769227722182e-05
2023-11-01,0.005178140405713413
2023-11-02,-0.008189927896857085
2023-11-03,0.003991160640640043
2023-11-06,-0.00018236419332766135
2023-11-07,0.0
2023-11-08,0.0
2023-11-09,0.0
2023-11-10,0.0
2023-11-13,0.0
2023-11-14,0.0
2023-11-15,0.0
2023-11-16,0.0
2023-11-17,0.0
2023-11-20,0.0
2023-11-21,0.0
2023-11-22,0.0
2023-11-23,0.0
2023-11-24,0.0
2023-11-27,0.0
2023-11-28,0.0
2023-11-29,0.0
2023-11-30,0.0
2023-12-01,0.008981126404154242
2023-12-04,0.0017530512184878017
2023-12-05,-0.0001652039350276161
2023-12-06,0.0060556686152572455
2023-12-07,0.0005763001352003108
2023-12-08,-0.00497512498818468
2023-12-11,-0.00020453833744938927
2023-12-12,0.0
2023-12-13,0.0
2023-12-14,0.0
2023-12-15,0.0
2023-12-18,0.0
2023-12-19,0.0
2023-12-20,0.0
2023-12-21,0.0
2023-12-22,0.0
2023-12-26,0.0
2023-12-27,0.0
2023-12-28,0.0
2023-12-29,0.0
2024-01-02,0.0
2024-01-03,0.0
2024-01-04,0.0
2024-01-05,0.0
2024-01-08,0.0
2024-01-09,0.0
2024-01-10,0.0
2024-01-11,0.0
2024-01-12,0.0
2024-01-15,0.0
2024-01-16,0.0
2024-01-17,0.0
2024-01-18,0.0
2024-01-19,0.0
2024-01-22,0.0
2024-01-23,0.0
2024-01-24,0.0
2024-01-25,0.0
2024-01-26,0.0031639563944412404
2024-01-29,-0.00918149351361933
2024-01-30,0.0014653668462147242
2024-01-31,-0.0003138869216691812
2024-02-01,0.0
2024-02-02,0.0
2024-02-05,0.0
2024-02-06,0.0
2024-02-07,0.0
2024-02-08,0.006931171210833439
2024-02-09,0.002733992649007077
2024-02-12,-0.001757954695318378
2024-02-13,0.003934489056105902
2024-02-14,-0.0033330491219978535
2024-02-15,-0.00022008181259945272
2024-02-16,0.0
2024-02-19,0.0
2024-02-20,0.0
2024-02-21,0.0
2024-02-22,0.0
2024-02-23,0.0
2024-02-26,0.0
2024-02-27,0.0
2024-02-28,0.0
2024-02-29,0.0
2024-03-01,0.0
2024-03-04,0.0
2024-03-05,0.0
2024-03-06,0.0
2024-03-08,0.006404992471306772
2024-03-11,-0.0006666666666666666
2024-03-12,0.0
2024-03-13,0.0
2024-03-14,0.0
2024-03-15,0.0
2024-03-18,0.0
2024-03-19,0.0
2024-03-20,0.0
2024-03-21,0.0
2024-03-22,0.0
2024-03-25,0.0
2024-03-26,0.0
2024-03-27,0.0
2024-03-28,0.0
2024-04-01,0.0
2024-04-02,0.0
2024-04-03,0.0
2024-04-04,0.004516519582013346
2024-04-05,0.003490874310082659
2024-04-08,-0.008998474623162129
2024-04-09,-0.0074145394530229876
2024-04-10,0.003618076529091269
2024-04-11,-0.0003333333333333333
2024-04-12,0.0
2024-04-15,0.0
2024-04-16,0.0
2024-04-17,0.0
2024-04-18,0.0
2024-04-19,0.0
2024-04-22,0.0
2024-04-23,0.0
2024-04-24,0.0
2024-04-25,0.0
2024-04-26,0.0
2024-04-29,0.0
2024-04-30,0.0
2024-05-01,0.0
2024-05-02,-0.0008705250967155855
2024-05-03,0.003742936328450045
2024-05-06,-0.003362045691105665
2024-05-07,0.0014148628376410655
2024-05-08,-0.003983096009659535
2024-05-09,-0.002759708771767013
2024-05-10,0.00994446942113368
2024-05-13,-0.005191093292712234
2024-05-14,0.00918536763496539
2024-05-15,-0.003489365572114419
2024-05-16,-0.005009935884910393
2024-05-17,-0.004769471764613548
2024-05-20,0.0005764901745175222
2024-05-21,0.004944850791821694
2024-05-22,0.007741439700062036
2024-05-23,0.006260084315831341
2024-05-24,-0.009341225793129756
2024-05-27,-0.01193370305360653
2024-05-28,-0.013477770964470248
2024-05-29,0.007361704317211776
2024-05-30,0.020813371956079144
2024-05-31,0.002931808721965517
2024-06-03,0.03994121571341146
2024-06-04,0.008638603328307747
2024-06-05,-0.009427917675275076
2024-06-06,-0.014979755595657396
2024-06-07,0.002344378016611234
2024-06-10,-0.006922086958474407
2024-06-11,-0.00025407016401854333
2024-06-12,0.0
2024-06-13,0.0
2024-06-14,0.0
2024-06-17,0.0
2024-06-18,0.0
2024-06-19,0.0
2024-06-20,0.0
2024-06-21,0.0
2024-06-24,0.0
2024-06-25,0.0
2024-06-26,0.0
2024-06-27,0.0
2024-06-28,0.0
2024-07-01,0.0
2024-07-02,0.0
2024-07-03,0.0
2024-07-04,0.0
2024-07-05,0.0
2024-07-08,0.0
2024-07-09,0.0
2024-07-10,-0.0019869995699566606
2024-07-11,-0.0012537207645248586
2024-07-12,0.0014441949257261184
2024-07-15,0.0007056345123677604
2024-07-16,-0.0003333333333333333
2024-07-17,0.0
2024-07-18,0.0
2024-07-19,0.0
2024-07-22,0.0011889607098633402
2024-07-23,0.005289641439759312
2024-07-24,-0.0028802902101933764
2024-07-25,-0.005718261081911213
2024-07-26,0.01002040836861103
2024-07-29,-0.000665691706123565
2024-07-30,0.0
2024-07-31,0.0
2024-08-01,0.0
2024-08-02,0.0
2024-08-05,0.0
2024-08-06,0.0
2024-08-07,0.0
2024-08-08,0.0
2024-08-09,0.0
2024-08-12,0.0
2024-08-13,0.0
2024-08-14,0.0
2024-08-15,0.0
2024-08-16,0.0
2024-08-19,0.0
2024-08-20,0.0
2024-08-21,0.0
2024-08-22,0.0
2024-08-23,0.0050788292215893744
2024-08-26,0.01938265023158776
2024-08-27,-0.013891326119216505
2024-08-28,-0.0066994679108338595
2024-08-29,0.00967098794626318
2024-08-30,-0.00825188998125659
2024-09-02,-0.010369992582143642
2024-09-03,-0.031235688419387692
2024-09-04,-0.005365861589213634
2024-09-05,-0.00019900822667246785
2024-09-06,-0.0001829990193711759
2024-09-09,0.0018121618966029226
2024-09-10,-0.013525040607395025
2024-09-11,0.0068887226668118235
2024-09-12,0.0030673056646442136
2024-09-13,-0.00016801832624782677
2024-09-16,0.0
2024-09-17,0.0
2024-09-18,0.0
2024-09-19,0.0
2024-09-20,0.0
2024-09-23,0.0025893713799501747
2024-09-24,-0.0041909249068533385
2024-09-25,-0.00023581612300806466
2024-09-26,0.0
2024-09-27,0.0
2024-09-30,0.0
2024-10-01,0.0
2024-10-02,0.0
2024-10-03,0.0
2024-10-04,0.0009223537731254676
2024-10-07,0.02239374568989541
2024-10-08,-0.026212555003317106
2024-10-09,-0.0027065348217936097
2024-10-10,0.005708105851431652
2024-10-11,-0.00015927125101798372
2024-10-14,0.0
2024-10-15,0.0
2024-10-16,0.0
2024-10-17,0.0
2024-10-18,0.0
2024-10-21,0.0
2024-10-22,0.0
2024-10-23,-0.002055045891281385
2024-10-24,-0.0011983890272807313
2024-10-25,0.003430733915168637
2024-10-28,-0.00015280882407725556
2024-10-29,0.0
2024-10-30,0.0
2024-10-31,0.0
2024-11-01,0.0
2024-11-04,0.0
2024-11-05,0.0
2024-11-06,-0.0015864977511053982
2024-11-07,0.0030103365586118935
2024-11-08,-0.012303312574552836
2024-11-11,-0.01440250726976609
2024-11-12,0.00011356836201484457
2024-11-13,0.0007761580480627366
2024-11-14,0.0005977223360599471
2024-11-15,-0.007460390658016128
2024-11-18,0.024070292734714227
2024-11-19,-8.633497340629532e-07
2024-11-20,-0.004861337786926744
2024-11-21,0.013840800997807568
2024-11-22,0.008550226377938458
2024-11-25,-0.020990443194063443
2024-11-26,-0.0018825565851682137
2024-11-27,0.00017988463994036256
2024-11-28,0.00411608134779372
2024-11-29,-0.003308259290132225
2024-12-02,-0.012284183824714684
2024-12-03,0.012499427205493647
2024-12-04,-0.00845277739381669
2024-12-05,-0.0009362166881788168
2024-12-06,-0.005849634699350189
2024-12-09,0.011265583644362795
2024-12-10,0.0005268165608197146
2024-12-11,0.014664429050344669
2024-12-12,-0.001205233326077273
2024-12-13,0.012146755935253585
2024-12-16,-0.007396530904850761
2024-12-17,-0.009002704225041019
2024-12-18,0.002409677248744338
2024-12-19,-0.006033271861660149
2024-12-20,0.0007022440264797727
2024-12-23,-0.004145880810563113
2024-12-24,0.013033348722373493
2024-12-26,-0.004349003626813744
2024-12-27,0.01204150806514521
2024-12-30,0.002937866222448211
2024-12-31,0.003360666783857887
2025-01-02,0.016261967394654988
2025-01-03,0.007212062703068249
2025-01-06,-0.0024850891182015586
2025-01-07,0.007973422118449031
2025-01-08,-0.00978276139004835
2025-01-09,0.008021935687831496
2025-01-10,0.033495719791509046
2025-01-13,0.015311277889971988
2025-01-14,-0.013055985797045033
2025-01-15,0.023802365899917452
2025-01-16,-0.00763588853391152
2025-01-17,-0.00460456826513803
2025-01-20,-0.002299882512016767
2025-01-21,-0.0002266579661800092
2025-01-22,0.0
2025-01-23,0.0
2025-01-24,0.0
2025-01-27,0.0
2025-01-28,0.0
2025-01-29,-0.0020670420380372576
2025-01-30,0.0006078002654460535
2025-01-31,-0.0003518200941921559
2025-02-03,-0.00021089172963375613
2025-02-04,0.0
2025-02-05,0.0
2025-02-06,0.0
2025-02-07,0.0
2025-02-10,0.0
2025-02-11,0.0
2025-02-12,0.0
2025-02-13,0.0
2025-02-14,0.0
2025-02-17,0.0
2025-02-18,0.0
2025-02-19,0.0
2025-02-20,0.0
2025-02-21,0.0
2025-02-24,0.0
2025-02-25,0.0
2025-02-26,0.0
2025-02-27,0.0
2025-02-28,-0.002326193339351571
2025-03-03,-0.00018439386349769133
2025-03-04,0.0
2025-03-05,0.0
2025-03-06,0.0
2025-03-07,0.0
2025-03-10,0.0
2025-03-11,0.0
2025-03-12,0.0
2025-03-13,0.0
2025-03-14,0.0
2025-03-17,0.0024356658548777446
2025-03-18,-0.0031330081862773877
2025-03-19,0.0013919648334288937
2025-03-20,0.012420179759894486
2025-03-21,0.0015735428589513194
2025-03-24,0.010495153556170395
2025-03-25,0.00024942264386494916
2025-03-26,0.01046224040098509
2025-03-27,0.003252444244366847
2025-03-28,-0.005403235613597904
2025-03-31,0.014047387519835213
2025-04-01,-0.002992238322655873
2025-04-02,0.0050205740223283135
2025-04-03,-0.05691468471186071
2025-04-04,-0.024803694169767042
2025-04-07,0.004779039756898977
2025-04-08,0.005495595409975076
2025-04-09,-0.012222296327495647
2025-04-10,0.008659084893543558
2025-04-11,-0.002949763132243566
2025-04-14,0.00014602072499142726
2025-04-15,-0.001101650417860195
2025-04-16,0.006756849163426867
2025-04-17,0.011839566570101991
2025-04-21,-0.008496002767897502
2025-04-22,0.0036310173830933243
2025-04-23,-0.0035987096697147015
2025-04-24,0.0013276042581329788
2025-04-25,0.001864748550233441
2025-04-28,-0.008259500474151638
2025-04-29,-0.009160127704459784
2025-04-30,-0.0037211170942032957
2025-05-01,-0.0002021665524806703
2025-05-02,0.0
2025-05-05,-0.004113698332996166
2025-05-06,0.013787131749266858
2025-05-07,-0.010239662823589317
2025-05-08,0.019298433294904438
2025-05-09,0.010367992958867176
2025-05-12,0.010177513709558472
2025-05-13,0.01601678627660586
2025-05-14,-0.004906641934859644
2025-05-15,-0.014195581528633457
2025-05-16,0.007693576708522951
2025-05-19,0.0011344852300490045
2025-05-20,-0.0015196360431659148
2025-05-21,-0.004554247396094993
2025-05-22,-0.004694956803862482
2025-05-23,0.0034599326467522197
2025-05-26,-0.00046049575324629997
2025-05-27,-0.007885022395273472
2025-05-28,0.010125723360434467
2025-05-29,-0.010424203527027618
2025-05-30,-0.003581399166281307
2025-06-02,0.011050472151602748
2025-06-03,0.015445112668539842
2025-06-04,-0.011732388774803816
2025-06-05,0.007400489099940833
2025-06-06,0.01729422935637985
2025-06-09,0.008575292377859674
2025-06-10,-0.002535772175175175
2025-06-11,0.04336763537268741
2025-06-12,-0.004926149437953537
2025-06-13,0.05943490058995413
