date,CO1 Comdty
2023-03-28,0.0022050949496516324
2023-03-29,0.002768026585080243
2023-03-30,0.0036256315801679283
2023-03-31,0.003749857053477341
2023-04-01,0.003304677292761473
2023-04-02,0.003504868231143903
2023-04-03,0.004854570664761662
2023-04-04,0.0009201227223088457
2023-04-05,0.0029166547886841556
2023-04-06,0.0026146769073300863
2023-04-07,0.0028054580157355286
2023-04-08,0.002859777167435884
2023-04-09,0.002137938913305217
2023-04-10,0.001441958559631871
2023-04-11,0.0027686765800391893
2023-04-12,-0.00011192380837069894
2023-04-13,-0.002169926127250871
2023-04-14,-0.0016304433889221153
2023-04-15,-0.0006093983940259874
2023-04-16,0.0006436168210864549
2023-04-17,0.0011272296878310042
2023-04-18,0.002654851702731772
2023-04-19,0.0017883507304917118
2023-04-20,0.0024014965501458247
2023-04-21,0.0022488973865292606
2023-04-22,0.001936453013070576
2023-04-23,-0.0003381395723796012
2023-04-24,0.001062756348536734
2023-04-25,0.0005267233549033549
2023-04-26,0.0008683321689173083
2023-04-27,0.003710976985134681
2023-04-28,0.0018917833992147133
2023-04-29,0.003710161858446709
2023-04-30,0.0038747860121706667
2023-05-01,0.003941736801596438
2023-05-02,0.00610932413875113
2023-05-03,0.00814618413850471
2023-05-04,0.010184044259720441
2023-05-05,0.009472766059632797
2023-05-06,0.009366129190212815
2023-05-07,0.010467504074100194
2023-05-08,0.010326454875478869
2023-05-09,0.008806122785907785
2023-05-10,0.009574246626611943
2023-05-11,0.009301929887067937
2023-05-12,0.008815736040415521
2023-05-13,0.009997036625618986
2023-05-14,0.009848653258062452
2023-05-15,0.009894253239768164
2023-05-16,0.009156280217518183
2023-05-17,0.009566626956187574
2023-05-18,0.006027619981611474
2023-05-19,0.007824655231331858
2023-05-20,0.007275252721295762
2023-05-21,0.007109500659346638
2023-05-22,0.00672776236146607
2023-05-23,0.005613092384967922
2023-05-24,0.0050480918367728075
2023-05-25,0.0029575814730878353
2023-05-26,0.006662613334367407
2023-05-27,0.0051258746948610314
2023-05-28,0.00413687770941021
2023-05-29,0.0048775178154200965
2023-05-30,0.004428425402427443
2023-05-31,0.007862921204245239
2023-06-01,0.007373540186610984
2023-06-02,0.003301679741092306
2023-06-03,0.003999244295161014
2023-06-04,0.0049296131616256315
2023-06-05,0.005340316067895005
2023-06-06,0.0037449735923131
2023-06-07,0.00446112915730174
2023-06-08,0.004076699109132053
2023-06-09,0.006484761307750469
2023-06-10,0.006356163460330603
2023-06-11,0.005947676263228687
2023-06-12,0.005266441272314053
2023-06-13,0.006187241604668359
2023-06-14,0.004895756120329907
2023-06-15,0.006442130987778973
2023-06-16,0.0054584910750930735
2023-06-17,0.004535214209590965
2023-06-18,0.006270743081539389
2023-06-19,0.004717482651383617
2023-06-20,0.005122377444729774
2023-06-21,0.005087195935120381
2023-06-22,0.0037446146252017396
2023-06-23,0.005030150289334134
2023-06-24,0.003217221237038535
2023-06-25,0.002861077276720535
2023-06-26,0.0021858003819720437
2023-06-27,0.0037993585927062873
2023-06-28,0.007021945534620957
2023-06-29,0.004498084933360291
2023-06-30,0.006636782904872131
2023-07-01,0.0057693285819302165
2023-07-02,0.006210549050056215
2023-07-03,0.007513505298659007
2023-07-04,0.0047496867718485785
2023-07-05,0.0059197656642901225
2023-07-06,0.006115710835036784
2023-07-07,0.008060198736273887
2023-07-08,0.00393166136108782
2023-07-09,0.00365235685572243
2023-07-10,0.004784946302246888
2023-07-11,0.009413591321347356
2023-07-12,0.008067213692611059
2023-07-13,0.007244408525337116
2023-07-14,0.004363148299497842
2023-07-15,0.006968638854080601
2023-07-16,0.006026645568400778
2023-07-17,0.00679749134224189
2023-07-18,0.006599943439079947
2023-07-19,0.004458083247750088
2023-07-20,0.004101221977024032
2023-07-21,0.0051669664231374455
2023-07-22,0.0035083374231101605
2023-07-23,0.004351774069254754
2023-07-24,0.002805652274309374
2023-07-25,0.00023180697487530094
2023-07-26,0.0010591911924833753
2023-07-27,0.0009516010548334282
2023-07-28,-0.00014930593850176596
2023-07-29,-4.459073067638615e-05
2023-07-30,-0.00022056501169362048
2023-07-31,-0.0012194151410074069
2023-08-01,8.034283788956497e-05
2023-08-02,0.00041889229681842387
2023-08-03,0.004035270438525384
2023-08-04,0.0038946441483362747
2023-08-05,0.0014651337002076633
2023-08-06,0.00220260097146997
2023-08-07,0.001108753967055303
2023-08-08,0.004268169947221046
2023-08-09,0.00348395613620232
2023-08-10,0.002220029080588516
2023-08-11,0.005827922476849796
2023-08-12,0.0053186916050114415
2023-08-13,0.004991902016192864
2023-08-14,0.0026260090546025715
2023-08-15,0.004132568430679922
2023-08-16,0.0011728796807561775
2023-08-17,0.0022217539870475218
2023-08-18,-0.0006375514755698187
2023-08-19,-0.002693149299600021
2023-08-20,-0.003181251809644419
2023-08-21,-0.0018984439009084144
2023-08-22,-0.002779183522456017
2023-08-23,-0.000667416255332174
2023-08-24,0.0005883292807230888
2023-08-25,-0.0022892264609636025
2023-08-26,-0.003692735913270832
2023-08-27,-0.0040340272064065845
2023-08-28,-0.003999595376394093
2023-08-29,-0.006766664267508415
2023-08-30,-0.003866338914064093
2023-08-31,-0.001890546374538737
2023-09-01,-0.004733269976269954
2023-09-02,-0.006484300443204375
2023-09-03,-0.004124048944085223
2023-09-04,-0.0016639975956208191
2023-09-05,0.0008117049318742743
2023-09-06,-0.001342117859829325
2023-09-07,-0.0010561353903482563
2023-09-08,-0.001109788458635819
2023-09-09,0.0034789842506874613
2023-09-10,0.0009503407092993705
2023-09-11,-0.000584736804523117
2023-09-12,-0.0009857322988667343
2023-09-13,-0.0011905863723756566
2023-09-14,0.0024917944572593275
2023-09-15,-0.002072262893881011
2023-09-16,0.00034685486470681837
2023-09-17,-0.0024896884762461435
2023-09-18,-0.0027614259653351214
2023-09-19,-0.002217341689237784
2023-09-20,-0.0036997358413991817
2023-09-21,-0.003816886405573682
2023-09-22,0.0018487504692579412
2023-09-23,-0.004342784475483158
2023-09-24,-0.0061300387362000115
2023-09-25,-0.00497440163507416
2023-09-26,-0.005001223383197814
2023-09-27,-0.007694551678076168
2023-09-28,-0.00881212163106797
2023-09-29,-0.007118420610409299
2023-09-30,-0.002827610265738035
2023-10-01,-0.00545433341286668
2023-10-02,-0.004211910979520972
2023-10-03,-0.00270115193222387
2023-10-04,0.0010446174439170807
2023-10-05,0.010455680524750039
2023-10-06,0.003375649374085269
2023-10-07,0.0012582925291538332
2023-10-08,-0.0004927791544204515
2023-10-09,0.0006179110151156051
2023-10-10,-0.0036955937901863916
2023-10-11,-0.00013625438506517776
2023-10-12,0.00031181815025387233
2023-10-13,0.001719170185265978
2023-10-14,-0.002373043362677934
2023-10-15,-0.0013977718551833572
2023-10-16,0.0002162839384054843
2023-10-17,0.0031959488911008104
2023-10-18,0.0005962017536680166
2023-10-19,-0.0010252625448449722
2023-10-20,0.0009446356147500768
2023-10-21,0.00019102132643339668
2023-10-22,-0.0008595019231260296
2023-10-23,-0.0014168036194364205
2023-10-24,0.0019950401110191175
2023-10-25,0.004171188008525297
2023-10-26,0.0031495638850527084
2023-10-27,0.003739334832102229
2023-10-28,-0.0008252209008362056
2023-10-29,0.0009443223948144934
2023-10-30,0.0036442360056220687
2023-10-31,0.007334151999503321
2023-11-01,0.004216078962125071
2023-11-02,0.006504311119052827
2023-11-03,0.003147000290318386
2023-11-04,0.005662715783729475
2023-11-05,0.002974088618325643
2023-11-06,0.0022727856796758714
2023-11-07,0.0025898542003902
2023-11-08,0.0036173913057861214
2023-11-09,0.0062793500202103095
2023-11-10,0.006094736836607916
2023-11-11,0.0035068346035663314
2023-11-12,0.0032794936520743135
2023-11-13,0.001957392580147185
2023-11-14,0.0023904507392300016
2023-11-15,0.0017500989484566306
2023-11-16,0.0019328623505138578
2023-11-17,0.004671184486866779
2023-11-18,0.0022981979525498026
2023-11-19,0.003249930404395418
2023-11-20,0.0027837461215103575
2023-11-21,0.002260090985982701
2023-11-22,0.00458764359364256
2023-11-23,0.004139062281385914
2023-11-24,0.004039549376986228
2023-11-25,0.004500816631363212
2023-11-26,0.007356998161304162
2023-11-27,0.006676368833541376
2023-11-28,0.005906320286947097
2023-11-29,0.005383454028739546
2023-11-30,0.004512664054156261
2023-12-01,0.006413231882260052
2023-12-02,0.011121843141321563
2023-12-03,0.009441944823839633
2023-12-04,0.008715008113435885
2023-12-05,0.007471049086623168
2023-12-06,0.007785512206196139
2023-12-07,0.010939147245527397
2023-12-08,0.010106814466958903
2023-12-09,0.005332458701464407
2023-12-10,0.0028834184984484522
2023-12-11,0.003908593695442682
2023-12-12,0.004094990209173083
2023-12-13,0.007650719555649631
2023-12-14,0.0062606667590778
2023-12-15,0.002333042862786626
2023-12-16,0.003258959996743952
2023-12-17,0.004102164600738658
2023-12-18,0.004752082284630995
2023-12-19,0.001953339004127566
2023-12-20,0.0017158265923891867
2023-12-21,0.0016304045647270952
2023-12-22,0.003465078055092222
2023-12-23,0.0026612015295045914
2023-12-24,0.0033015377126819063
2023-12-25,0.003736650075440958
2023-12-26,0.0033354606483228387
2023-12-27,0.0022023769617573437
2023-12-28,0.005600370367874562
2023-12-29,0.005006638061817011
2023-12-30,0.007223335953514505
2023-12-31,0.006821908128469081
2024-01-01,0.004175377745952691
2024-01-02,0.005343050056316502
2024-01-03,0.007843825581284986
2024-01-04,0.0041708139256765985
2024-01-05,0.0049277188742146575
2024-01-06,0.0038983615154036563
2024-01-07,0.0034709694735697355
2024-01-08,0.00364493891270174
2024-01-09,0.005762584395641697
2024-01-10,0.0004186835931957032
2024-01-11,0.00039648672074938296
2024-01-12,0.0008345448448806162
2024-01-13,0.00068811894948203
2024-01-14,0.0015912260086754116
2024-01-15,0.0013124607320156027
2024-01-16,5.5247581217755844e-05
2024-01-17,0.00048127427026602897
2024-01-18,0.0012851338091952878
2024-01-19,-0.0007232269740714591
2024-01-20,2.437114610413673e-05
2024-01-21,0.0001163103266395476
2024-01-22,0.0006034033314598786
2024-01-23,-0.00023436034832063148
2024-01-24,-0.0016593635969511299
2024-01-25,-0.0021276754614950075
2024-01-26,-0.005001104770093462
2024-01-27,-0.006389524675588483
2024-01-28,-0.005462499136140228
2024-01-29,-0.003336951581520605
2024-01-30,-0.0016276539727077535
2024-01-31,-0.0033020723720337463
2024-02-01,-0.0013044678100709208
2024-02-02,0.0014743113831938359
2024-02-03,0.0029314949088553024
2024-02-04,0.0034960009113557482
2024-02-05,0.0034598296378148537
2024-02-06,0.00278240875592123
2024-02-07,0.0027331964369316677
2024-02-08,-0.0001827609403879917
2024-02-09,-0.003470152641607569
2024-02-10,-0.002506425269584435
2024-02-11,-0.0020884416296246093
2024-02-12,-0.0004498393541732147
2024-02-13,5.7891178806604645e-06
2024-02-14,-0.0003287251786159965
2024-02-15,0.0018606561860033649
2024-02-16,-0.001472460892253461
2024-02-17,-0.0028558122992557978
2024-02-18,0.000151280579612144
2024-02-19,0.0011895290197172553
2024-02-20,0.001847608423615035
2024-02-21,0.0037821797339140932
2024-02-22,0.0023803460573505937
2024-02-23,0.0015802562876003634
2024-02-24,0.004616849556403623
2024-02-25,0.004513442411524553
2024-02-26,0.005128398413970902
2024-02-27,0.003881943871341492
2024-02-28,0.001255927726019046
2024-02-29,0.0010671270383448277
2024-03-01,0.0017200508656038465
2024-03-02,0.0019264424869541317
2024-03-03,0.001749934748833411
2024-03-04,0.0029596513899378617
2024-03-05,0.0048083934520147245
2024-03-06,0.006600663415722026
2024-03-07,0.0045416582733256924
2024-03-08,0.004961457191653801
2024-03-09,0.005506451198356289
2024-03-10,0.004596063985287821
2024-03-11,0.00298284670700427
2024-03-12,0.0042222591072220905
2024-03-13,0.003938969224345834
2024-03-14,-0.0006969302094428255
2024-03-15,-0.0021193857051417845
2024-03-16,-0.0018708394684311374
2024-03-17,0.0005877627036203382
2024-03-18,0.0012152345912459152
2024-03-19,-0.004088329126167693
2024-03-20,-0.003111510981704801
2024-03-21,0.0028686986409096507
2024-03-22,0.0025055452491902154
2024-03-23,0.004165816192184414
2024-03-24,0.004248940412306733
2024-03-25,0.005184236384202231
2024-03-26,0.0015968974762099004
2024-03-27,0.0020366533644405075
2024-03-28,0.0008734178900581864
2024-03-29,-0.0010924551635344464
2024-03-30,-0.0017885570726803727
2024-03-31,-0.0012548062653528614
2024-04-01,-0.0020177320796906585
2024-04-02,-0.0022486088561626924
2024-04-03,-0.007103839943671971
2024-04-04,-0.009447767167635917
2024-04-05,-0.015180209356576602
2024-04-06,-0.011352008554426824
2024-04-07,-0.009227960747650074
2024-04-08,-0.011002253145062382
2024-04-09,-0.006516351750075094
2024-04-10,-0.004800969499490064
2024-04-11,-0.0032588596679166623
2024-04-12,-0.0030990922948407953
2024-04-13,-0.000610336594653995
2024-04-14,-0.0022332207152880217
2024-04-15,-0.000545382736047034
2024-04-16,0.0011305563980426082
2024-04-17,0.0011023319251588217
2024-04-18,0.0035862179579317834
2024-04-19,0.0016420464881532534
2024-04-20,-0.0008627847997054217
2024-04-21,-0.0003506447890191701
2024-04-22,0.0006531746586571057
2024-04-23,0.0002801885264996445
2024-04-24,-0.002262614088228292
2024-04-25,-0.00209482829179157
2024-04-26,-0.0021300620063866823
2024-04-27,-0.0010473380662930196
2024-04-28,-0.005410487815767507
2024-04-29,-0.006479496359142175
2024-04-30,-0.0064166339999486245
2024-05-01,-0.005088770823850565
2024-05-02,0.0006446754850263737
2024-05-03,-0.0034290410860506964
2024-05-04,-0.002114478731714703
2024-05-05,-0.0018794287527029393
2024-05-06,-0.0015346838507435173
2024-05-07,-0.0035266754771879788
2024-05-08,0.004937564715324112
2024-05-09,0.006003140009555325
2024-05-10,0.0061998286076716865
2024-05-11,0.0027019235509403057
2024-05-12,0.0022062000677166146
2024-05-13,-0.0018400959179501058
2024-05-14,-0.00016564993810634155
2024-05-15,0.0002751654407690868
2024-05-16,-0.0027761744189193473
2024-05-17,-0.005592704465115866
2024-05-18,-0.004563118446239615
2024-05-19,-0.0036653518406770873
2024-05-20,-0.0025295159351126297
2024-05-21,-0.0006609534467266352
2024-05-22,-0.0015754123460946273
2024-05-23,-0.0001481587197436777
2024-05-24,0.0004872525295556406
2024-05-25,0.00020333956459665532
2024-05-26,0.0005216692132844956
2024-05-27,-0.0021605958948286478
2024-05-28,-0.003369082146982436
2024-05-29,-0.004569125860111646
2024-05-30,-0.005521902384451316
2024-05-31,-0.0042977548355673965
2024-06-01,-0.002990645034407632
2024-06-02,-0.0030451301154904493
2024-06-03,-0.001978858281200008
2024-06-04,0.005315021409821608
2024-06-05,0.004651011580504336
2024-06-06,0.0031945063344295498
2024-06-07,-0.0008985905309112067
2024-06-08,0.0004942073325085468
2024-06-09,0.0013713396177756562
2024-06-10,0.002458049423988545
2024-06-11,0.0015643317498568615
2024-06-12,-0.002081794699165842
2024-06-13,-0.004421184601582606
2024-06-14,-0.004132856271882847
2024-06-15,-0.005207811122520253
2024-06-16,-0.004118639855802016
2024-06-17,-0.003722665272162328
2024-06-18,-0.006002347701177076
2024-06-19,-0.006730617409600414
2024-06-20,-0.004603597331650975
2024-06-21,-0.004739854754196099
2024-06-22,-0.0021058840352652674
2024-06-23,-0.0025212295170217633
2024-06-24,-0.001846417238125433
2024-06-25,-0.0019068470383137514
2024-06-26,0.000334147299322409
2024-06-27,-0.00045752486498783565
2024-06-28,-0.0031123279951537405
2024-06-29,-0.0014174806614445073
2024-06-30,0.00046467397948089475
2024-07-01,-0.0009303605294174122
2024-07-02,-0.0017305671125748471
2024-07-03,-0.0004572344252466086
2024-07-04,-0.002781531359897023
2024-07-05,-0.002819044000156472
2024-07-06,-0.0037247956262787497
2024-07-07,-0.0026674319553611856
2024-07-08,-0.00230911837430693
2024-07-09,-0.0016954978030162104
2024-07-10,-0.0016443754764337037
2024-07-11,6.244526560731619e-05
2024-07-12,-0.0018307328536811276
2024-07-13,0.001232227783528122
2024-07-14,0.0007384760648248552
2024-07-15,9.666105346248427e-05
2024-07-16,0.0016019122742556675
2024-07-17,0.0022394885870959495
2024-07-18,-0.0007266666469183681
2024-07-19,2.1152422024007165e-05
2024-07-20,0.006183950567908369
2024-07-21,0.0046555626126792565
2024-07-22,0.004232344946278483
2024-07-23,0.003969704719811235
2024-07-24,0.009241140964386413
2024-07-25,0.0075216649630443074
2024-07-26,0.005449479142302156
2024-07-27,0.00703993014212338
2024-07-28,0.007733133663212536
2024-07-29,0.008049683903852797
2024-07-30,0.007560264749509571
2024-07-31,0.010651323289529141
2024-08-01,0.006230408409082776
2024-08-02,0.008307929872606843
2024-08-03,0.01070375185063373
2024-08-04,0.010939252694703234
2024-08-05,0.010494505649657487
2024-08-06,0.01018171106054667
2024-08-07,0.009100071232668035
2024-08-08,0.008045305259555232
2024-08-09,0.006352751904457321
2024-08-10,0.007032967352346079
2024-08-11,0.0063596799992582135
2024-08-12,0.00780739246676781
2024-08-13,0.0016633605139807124
2024-08-14,0.007089939093160474
2024-08-15,0.008915992937101248
2024-08-16,0.006931367118902173
2024-08-17,0.008641711983425473
2024-08-18,0.006112607435299134
2024-08-19,0.007816350445572613
2024-08-20,0.008903604980804943
2024-08-21,0.009738267768316135
2024-08-22,0.012407028684924767
2024-08-23,0.008928215669269325
2024-08-24,0.007349702944261442
2024-08-25,0.006269925876032679
2024-08-26,0.006373933729583575
2024-08-27,0.0010503902339914228
2024-08-28,0.00477216738680801
2024-08-29,0.005736417380976544
2024-08-30,0.002888454682053641
2024-08-31,0.0022219780010913387
2024-09-01,0.002781519670287574
2024-09-02,0.004114762926445566
2024-09-03,0.0056197681367686205
2024-09-04,0.012228995121054563
2024-09-05,0.011012730848016862
2024-09-06,0.010307034063940117
2024-09-07,0.01092561594790668
2024-09-08,0.011155687708436161
2024-09-09,0.008305000009859193
2024-09-10,0.0065916187465548896
2024-09-11,0.00795705296960296
2024-09-12,0.004254477283445838
2024-09-13,0.003554828743411016
2024-09-14,0.0030115725789964668
2024-09-15,0.00411920679163285
2024-09-16,0.003221294875474979
2024-09-17,0.00644342074405799
2024-09-18,0.006697392459618042
2024-09-19,0.004765774246990706
2024-09-20,0.007279973242407122
2024-09-21,0.006289726427423172
2024-09-22,0.007232986656404055
2024-09-23,0.0076378291182625435
2024-09-24,0.007686418744700273
2024-09-25,0.008493272261636669
2024-09-26,0.007780969521188553
2024-09-27,0.008612231201205111
2024-09-28,0.006650935558106797
2024-09-29,0.005999092551660639
2024-09-30,0.005724413153597447
2024-10-01,0.006020424337074325
2024-10-02,0.0031637347776422554
2024-10-03,0.0030037782509219598
2024-10-04,-0.0009767184990202987
2024-10-05,-0.0021556519514503354
2024-10-06,-0.0015793251697719605
2024-10-07,-0.002842825792806522
2024-10-08,-0.007823562926624679
2024-10-09,-0.0038468343007069332
2024-10-10,0.002462441143569832
2024-10-11,-0.000718804520156542
2024-10-12,0.0018788322709623482
2024-10-13,0.0022216643814441236
2024-10-14,0.0034350831968632803
2024-10-15,0.003575794655856727
2024-10-16,0.005779849602842326
2024-10-17,0.005368952156608718
2024-10-18,0.005294198923419885
2024-10-19,0.00815178756477817
2024-10-20,0.006042243788625116
2024-10-21,0.005376892205314593
2024-10-22,0.0044746450246249975
2024-10-23,0.0025763338150643243
2024-10-24,0.004125580854823324
2024-10-25,0.004041434509507497
2024-10-26,0.003330773563585517
2024-10-27,0.006779481060058351
2024-10-28,0.0058654681276218345
2024-10-29,0.009355826344529755
2024-10-30,0.011318172470414833
2024-10-31,0.009535960808830124
2024-11-01,0.009230892029979813
2024-11-02,0.009799286009233507
2024-11-03,0.011068466327215651
2024-11-04,0.008784431290955429
2024-11-05,0.005897326823816503
2024-11-06,0.0026376177285179036
2024-11-07,0.005950929052586966
2024-11-08,0.00495057035825442
2024-11-09,0.003247209582899511
2024-11-10,0.0036214740467057807
2024-11-11,0.0059238053083108195
2024-11-12,0.008073026980354645
2024-11-13,0.00749258473154639
2024-11-14,0.005693136894572762
2024-11-15,0.005002557173890848
2024-11-16,0.00466531596323791
2024-11-17,0.0027582393556004636
2024-11-18,0.0011488684200872004
2024-11-19,-2.197152080305797e-05
2024-11-20,0.0016960936510115405
2024-11-21,0.0013264788450602432
2024-11-22,0.001298360752419361
2024-11-23,0.0019536450746727003
2024-11-24,0.003416108846748952
2024-11-25,0.0017860817059874117
2024-11-26,0.004916690149251914
2024-11-27,0.005993501090319308
2024-11-28,0.009477293807025606
2024-11-29,0.0065606904919705885
2024-11-30,0.007932496009345067
2024-12-01,0.008584411992506284
2024-12-02,0.006893541619469281
2024-12-03,0.007423227939492209
2024-12-04,0.0055543911334132974
2024-12-05,0.008082242687373006
2024-12-06,0.008707657969022144
2024-12-07,0.005579227300900498
2024-12-08,0.00438655567334994
2024-12-09,0.004669994311573993
2024-12-10,0.005100488080622507
2024-12-11,0.0023539384413999846
2024-12-12,-0.0006575433304099349
2024-12-13,0.0021022048360341762
2024-12-14,0.00039826066356946115
2024-12-15,0.002419421045940075
2024-12-16,0.002481263016841148
2024-12-17,0.005228228943886619
2024-12-18,0.0053384884195076185
2024-12-19,0.006132629779248917
2024-12-20,0.005592885581428591
2024-12-21,0.004809853302229549
2024-12-22,0.004900136058116164
2024-12-23,0.00315472099051553
2024-12-24,0.006556573296000009
2024-12-25,0.007368691633811228
2024-12-26,0.0076755999925418985
2024-12-27,0.007114528050732777
2024-12-28,0.0052928582097578475
2024-12-29,0.007654255633399917
2024-12-30,0.008936905475432824
2024-12-31,0.007365404238222001
2025-01-01,0.008349459714506874
2025-01-02,0.007407690871237457
2025-01-03,0.0044000106703166245
2025-01-04,0.005599546214485567
2025-01-05,0.007645847146127987
2025-01-06,0.007809720182019155
2025-01-07,0.008021910252540936
2025-01-08,0.005908208924420402
2025-01-09,0.005876297423030394
2025-01-10,0.004988562474909832
2025-01-11,-0.0010702615574167938
2025-01-12,0.00153252074393126
2025-01-13,0.0014928908525668947
2025-01-14,0.0005534182933947531
2025-01-15,0.002178341010519912
2025-01-16,-0.000718841746281209
2025-01-17,0.0005321502492552666
2025-01-18,0.0026894624815952087
2025-01-19,0.0014264764319560344
2025-01-20,0.001137045752466159
2025-01-21,0.0008681904849740298
2025-01-22,0.002328248441929615
2025-01-23,0.003289846600889985
2025-01-24,0.0035189020837243052
2025-01-25,0.0011185176381351897
2025-01-26,0.0012056564659772109
2025-01-27,0.0012841639894383464
2025-01-28,0.001596427340180483
2025-01-29,0.00040417879808353865
2025-01-30,0.002470821314930351
2025-01-31,0.0012919897156537922
2025-02-01,0.00015862053865478305
2025-02-02,0.0002648212427899843
2025-02-03,1.383582388255325e-05
2025-02-04,0.0018939929455936142
2025-02-05,0.000976308622392812
2025-02-06,0.0030518529578380587
2025-02-07,0.003544921679683643
2025-02-08,0.005232048613452032
2025-02-09,0.005079984551707535
2025-02-10,0.00531066213416828
2025-02-11,0.00264849444585909
2025-02-12,0.0028333718642994357
2025-02-13,0.005962044078089134
2025-02-14,0.0045239203578796745
2025-02-15,0.004766605203144694
2025-02-16,0.003218103234416214
2025-02-17,0.0018916863584381126
2025-02-18,0.0007998042239121916
2025-02-19,0.0011136246023757822
2025-02-20,-0.0014436840664724128
2025-02-21,-0.001195855089185796
2025-02-22,0.0025890773335336937
2025-02-23,0.001986245855632546
2025-02-24,0.001082297805987761
2025-02-25,5.47632668404859e-05
2025-02-26,0.0027504245829407703
2025-02-27,0.0022260550654340694
2025-02-28,-0.00036983801852934255
2025-03-01,-0.0002229337709359317
2025-03-02,-0.00012971364523071602
2025-03-03,0.00017743641573347765
2025-03-04,0.003255521566235347
2025-03-05,0.003760379385157104
2025-03-06,0.006679218960475875
2025-03-07,0.003844352591429398
2025-03-08,0.00046504668168464996
2025-03-09,-0.00018761037014528666
2025-03-10,0.0004863952956680001
2025-03-11,0.0007829376734587756
2025-03-12,0.0024174418671215523
2025-03-13,0.0012015835526246943
2025-03-14,0.0011277145215908434
2025-03-15,-0.0034247122828475443
2025-03-16,-0.001342780071322314
2025-03-17,-0.00041324300077581733
2025-03-18,-0.002413046428678712
2025-03-19,-0.00415343113262282
2025-03-20,-0.0038407037763788176
2025-03-21,-0.005492345692194355
2025-03-22,-0.005912473531842458
2025-03-23,-0.0055785681611106785
2025-03-24,-0.00658104338589381
2025-03-25,-0.008800010279787862
2025-03-26,-0.008100964195432441
2025-03-27,-0.008209683208043626
2025-03-28,-0.008275225141731188
2025-03-29,-0.007922814246731484
2025-03-30,-0.006439523110252852
2025-03-31,-0.005491471351997068
2025-04-01,-0.006865643942620351
2025-04-02,-0.00786396097180833
2025-04-03,-0.009205054673897713
2025-04-04,-0.001292562360622138
2025-04-05,0.005565247047900539
2025-04-06,-0.0018903009701760148
2025-04-07,-0.004642754525776824
2025-04-08,0.00020336937297949192
2025-04-09,-2.8274553632666242e-05
2025-04-10,-0.006327981839149477
2025-04-11,-0.006257802215243318
2025-04-12,-0.007911712074962343
2025-04-13,-0.004763375699777537
2025-04-14,-0.007516890723576203
2025-04-15,-0.009234397679824416
2025-04-16,-0.007261035019847175
2025-04-17,-0.00799292802209282
2025-04-18,-0.009712864986401736
2025-04-19,-0.012427478141297252
2025-04-20,-0.008997111511641415
2025-04-21,-0.00808918410888685
2025-04-22,-0.006701807103815699
2025-04-23,-0.006864164056005146
2025-04-24,-0.0061236482798360916
2025-04-25,-0.010453751442162412
2025-04-26,-0.010012980007560525
2025-04-27,-0.010800929670632349
2025-04-28,-0.012801443314536932
2025-04-29,-0.013996381238197008
2025-04-30,-0.011091011407008227
2025-05-01,-0.009847242660206382
2025-05-02,-0.007505658299987559
2025-05-03,-0.007721684540929487
2025-05-04,-0.009227835256584316
2025-05-05,-0.013888869631346579
2025-05-06,-0.010104246153214877
2025-05-07,-0.01117162818732486
2025-05-08,-0.010946618594258281
2025-05-09,-0.014570092483921302
2025-05-10,-0.013479904016028893
2025-05-11,-0.013577090228807001
2025-05-12,-0.013367749090874513
2025-05-13,-0.013278783482521397
2025-05-14,-0.015518034981433393
2025-05-15,-0.011597943483607685
2025-05-16,-0.007302513622500815
2025-05-17,-0.01167295206462126
2025-05-18,-0.011228119378754951
2025-05-19,-0.009355030748993853
2025-05-20,-0.01049211082594399
2025-05-21,-0.01104292702163074
2025-05-22,-0.013066628934258605
2025-05-23,-0.012424350991161726
2025-05-24,-0.012283412932169334
2025-05-25,-0.013692726627436144
2025-05-26,-0.013965900970752567
2025-05-27,-0.011546599162514862
2025-05-28,-0.011253682276630496
2025-05-29,-0.014954328508242512
2025-05-30,-0.011164680756130644
2025-05-31,-0.011741122017903734
2025-06-01,-0.009876005995601808
2025-06-02,-0.010370701931206004
2025-06-03,-0.008745271034122867
2025-06-04,-0.010334940717783942
2025-06-05,-0.004467714371235838
2025-06-06,-0.005191905316811705
2025-06-07,-0.007186335141157097
2025-06-08,-0.004507759533581798
2025-06-09,-0.005288010754195635
2025-06-10,-0.0050949677935775905
2025-06-11,-0.006220263447615425
2025-06-12,-0.008515432176987012
2025-06-13,-0.005406071285446042
2025-06-14,-0.014951921260110362
